dist,timestamp,id,confidence,image,label,lat,lon,ppm,road_index,x1,x2,y1,y2
Unkown,2025-09-29 09:11:00.527+0000,fcf20448-e50a-48f5-a93c-a6161941f343,0.721918,1.0_1.0_2025-09-29T09:11:00.527474.jpg,Alligator Crack,1,1,3000,-1,1.145667910576,257.037445068359,60.911346435547,166.879592895508
Muntazah,2025-09-29 10:17:54.629+0000,d24c9fb7-8a86-4de7-b2e6-6253e358b838,0.470165,30.0091881_31.2775562_2025-09-29T10:17:54.629353.jpg,Potholes,31.2775562,30.0091881,2500,38894,0.1697387695312,38.40608215332,0.2471790313721,31.398565292358
Muntazah,2025-09-29 10:16:48.354+0000,da5f69b7-3d96-4b86-9a1c-4072da209dd7,0.348273,30.0063392_31.2747997_2025-09-29T10:16:48.354230.jpg,Alligator Crack,31.2747997,30.0063392,2500,2703,66.472175598145,251.8720703125,4.061660766602,171.014984130859
Muntazah,2025-09-29 10:15:38.950+0000,83db418e-acf7-4d2f-ba6e-247f58f49d18,0.639141,30.0038071_31.2725036_2025-09-29T10:15:38.950656.jpg,Potholes,31.2725036,30.0038071,2500,2703,28.984924316406,183.968292236328,507.970428466797,639.44287109375
Muntazah,2025-09-29 10:13:48.461+0000,5c446571-4cc1-4610-bade-ab15a2edc19f,0.266912,30.0005824_31.2680481_2025-09-29T10:13:48.461409.jpg,Longitudinal Crack,31.2680481,30.0005824,2500,28765,37.278472900391,331.844543457031,259.417358398438,612.595642089844
Muntazah,2025-09-29 10:13:10.821+0000,3f0721ee-3b9d-4041-8f28-ede7a5e6e685,0.60471,30.0015033_31.2666617_2025-09-29T10:13:10.821076.jpg,Potholes,31.2666617,30.0015033,2500,3200,120.326171875,189.496307373047,416.637451171875,530.824279785156
Muntazah,2025-09-29 10:11:57.591+0000,8e9217a3-456e-401c-a214-55a873f48e66,0.657495,30.0013518_31.2667831_2025-09-29T10:11:57.591909.jpg,Longitudinal Crack,31.2667831,30.0013518,2500,3200,131.005920410156,167.243103027344,232.416748046875,259.199340820312
Muntazah,2025-09-29 10:11:34.781+0000,f6fe66bd-d4be-406b-8dc2-5c18b8ba2a87,0.747551,30.0017073_31.2664915_2025-09-29T10:11:34.781047.jpg,Potholes,31.2664915,30.0017073,2500,52917,143.222518920898,175.019790649414,379.556213378906,411.703186035156
Muntazah,2025-09-29 10:09:19.282+0000,5fa95c60-2640-4a2f-88d1-9b6131e4e851,0.410779,29.9967335_31.2645978_2025-09-29T10:09:19.282035.jpg,Potholes,31.2645978,29.9967335,2500,28764,24.767700195312,90.729072570801,378.003784179688,445.32861328125
Muntazah,2025-09-29 10:09:19.120+0000,c0cc458a-6fc8-4e66-8114-6adf637f0840,0.375216,29.9967335_31.2645978_2025-09-29T10:09:19.120397.jpg,Longitudinal Crack,31.2645978,29.9967335,2500,28764,93.495109558105,282.821044921875,9.190979003906,180.931396484375
Muntazah,2025-09-29 10:07:21.492+0000,bbd4e4b6-09bb-4fed-8491-f34177251422,0.680137,29.9936041_31.2622092_2025-09-29T10:07:21.492755.jpg,Longitudinal Crack,31.2622092,29.9936041,2500,46824,20.827301025391,295.750701904297,10.308631896973,126.37801361084
Muntazah,2025-09-29 10:07:19.098+0000,b42045ce-5ebb-4a8b-8c96-a5f4be9b4d2d,0.336144,29.9936041_31.2622092_2025-09-29T10:07:19.098923.jpg,Alligator Crack,31.2622092,29.9936041,2500,46824,377.227020263672,480,31.152099609375,629.460327148438
Muntazah,2025-09-29 10:05:59.030+0000,6ab4c9af-1014-471a-8c24-2cad2ec3b42c,0.35084,29.9910614_31.2605399_2025-09-29T10:05:59.030268.jpg,Potholes,31.2605399,29.9910614,2500,28764,117.416839599609,152.456787109375,371.520629882812,407.456420898438
Muntazah,2025-09-29 10:05:10.588+0000,8156467f-8295-481f-8a16-5a9ee30e6502,0.324352,29.9894078_31.2593687_2025-09-29T10:05:10.588093.jpg,Potholes,31.2593687,29.9894078,2500,28764,0,196.651763916016,497.412933349609,640
Muntazah,2025-09-29 10:05:10.588+0000,d670a9da-3e0b-4834-a9e1-7b73671774fe,0.439238,29.9894078_31.2593687_2025-09-29T10:05:10.588093.jpg,Potholes,31.2593687,29.9894078,2500,28764,0,274.856384277344,378.092407226562,638.249267578125
Muntazah,2025-09-29 10:04:33.171+0000,e80ad5b2-18e3-449f-8c89-db49c5c2a02b,0.430842,29.9883022_31.2594185_2025-09-29T10:04:33.171523.jpg,Longitudinal Crack,31.2594185,29.9883022,2500,45346,191.591979980469,245.121948242188,143.572540283203,202.493988037109
Muntazah,2025-09-29 10:04:28.893+0000,97fc0986-7789-44fe-8159-07f68171159f,0.365251,29.9881416_31.2595944_2025-09-29T10:04:28.893868.jpg,Alligator Crack,31.2595944,29.9881416,2500,45346,347.277465820312,480,291.404541015625,640
Muntazah,2025-09-29 10:04:26.934+0000,56fee85d-33d1-4a2a-8e87-5c5980f8ffad,0.29542,29.9881416_31.2595944_2025-09-29T10:04:26.934296.jpg,Transverse Crack,31.2595944,29.9881416,2500,45346,0,190.0322265625,173.835174560547,226.744049072266
Muntazah,2025-09-29 10:04:13.604+0000,3e5df72a-111b-4d3e-966e-6fd6e6a6695e,0.366756,29.9878019_31.2599034_2025-09-29T10:04:13.604896.jpg,Potholes,31.2599034,29.9878019,2500,45346,179.419250488281,207.260192871094,0,21.4495677948
Muntazah,2025-09-29 10:04:13.604+0000,45f46235-b69a-40f2-9181-818593c1230e,0.331298,29.9878019_31.2599034_2025-09-29T10:04:13.604896.jpg,Potholes,31.2599034,29.9878019,2500,45346,129.462738037109,242.352508544922,3.411338806152,82.958656311035
Muntazah,2025-09-29 10:04:06.143+0000,ab9c8a72-9d28-4726-83a3-a6cae74b17e4,0.305564,29.987471_31.260063_2025-09-29T10:04:06.143508.jpg,Potholes,31.260063,29.987471,2500,45345,226.607757568359,295.651153564453,347.097778320312,386.455871582031
Muntazah,2025-09-29 10:04:05.040+0000,454af7d0-584b-41f3-97ff-8fe2899ef26b,0.713683,29.987471_31.260063_2025-09-29T10:04:05.040280.jpg,Potholes,31.260063,29.987471,2500,45345,262.618865966797,348.925872802734,304.9462890625,426.881958007812
Muntazah,2025-09-29 10:04:04.085+0000,62d185b9-11d6-4fdd-ae32-f74f3c02b513,0.311132,29.987471_31.260063_2025-09-29T10:04:04.085505.jpg,Potholes,31.260063,29.987471,2500,45345,384.559326171875,464.106079101562,90.467765808105,183.694152832031
Muntazah,2025-09-29 10:04:04.085+0000,dcc850d5-1c02-4397-b16c-7627a718d35a,0.405541,29.987471_31.260063_2025-09-29T10:04:04.085505.jpg,Potholes,31.260063,29.987471,2500,45345,387.853637695312,439.095153808594,99.343605041504,182.565643310547
Muntazah,2025-09-29 10:03:42.534+0000,cecc20fc-db7b-4d51-a849-12b952a8b0f4,0.668903,29.9867693_31.2604011_2025-09-29T10:03:42.534469.jpg,Alligator Crack,31.2604011,29.9867693,2500,19472,0.0459747314453,238.926956176758,426.221801757812,639.716674804688
Muntazah,2025-09-29 10:03:26.156+0000,7805acc2-15f8-44c4-bbd6-9e5f943a9020,0.258311,29.9865041_31.2600865_2025-09-29T10:03:26.156427.jpg,Alligator Crack,31.2600865,29.9865041,2500,31104,376.091949462891,480,87.815246582031,629.810424804688
Muntazah,2025-09-29 10:03:26.156+0000,a1e8069b-fc50-42ee-8860-dfb64c345d07,0.262242,29.9865041_31.2600865_2025-09-29T10:03:26.156427.jpg,Alligator Crack,31.2600865,29.9865041,2500,31104,406.930358886719,479.285705566406,0,254.171478271484
Muntazah,2025-09-29 10:03:14.583+0000,d888b45d-8a41-4bfa-9c78-d0a4000bc843,0.274281,29.9859164_31.2598541_2025-09-29T10:03:14.583577.jpg,Potholes,31.2598541,29.9859164,2500,19472,265.687622070312,384.339477539062,535.052978515625,609.577880859375
Muntazah,2025-09-29 10:02:09.166+0000,61c51fdf-22d3-4c3f-a647-f26f1f26ee0c,0.263541,29.9832113_31.2584403_2025-09-29T10:02:09.166034.jpg,Alligator Crack,31.2584403,29.9832113,2500,19472,349.594055175781,480,29.361938476562,591.649658203125
Muntazah,2025-09-29 10:02:08.571+0000,aaaeb3ba-578b-4bb1-a7dd-e4f707e2013e,0.691552,29.9832113_31.2584403_2025-09-29T10:02:08.571668.jpg,Potholes,31.2584403,29.9832113,2500,19472,66.79296875,164.447418212891,77.330764770508,159.410461425781
Muntazah,2025-09-29 10:01:37.614+0000,e659c291-cd80-48d7-8e9f-dc21c6d04a4c,0.283041,29.9810817_31.2573617_2025-09-29T10:01:37.614795.jpg,Alligator Crack,31.2573617,29.9810817,2500,2714,365.97265625,480,32.087707519531,625.416809082031
Muntazah,2025-09-29 10:01:13.536+0000,4b360be2-cc41-492c-b777-6a182cb9525c,0.306549,29.9808307_31.2570914_2025-09-29T10:01:13.536069.jpg,Longitudinal Crack,31.2570914,29.9808307,2500,2714,0,343.225738525391,345.543029785156,630.873840332031
Muntazah,2025-09-29 10:01:09.942+0000,f955af73-42fd-41c2-acdd-8773131bba55,0.370575,29.9806898_31.2569012_2025-09-29T10:01:09.942693.jpg,Longitudinal Crack,31.2569012,29.9806898,2500,2714,92.592315673828,278.832153320312,443.305541992188,639.409301757812
Muntazah,2025-09-29 10:01:08.308+0000,fadd5ffc-5338-48ad-b546-dd77f11e10c0,0.257382,29.9806898_31.2569012_2025-09-29T10:01:08.308453.jpg,Transverse Crack,31.2569012,29.9806898,2500,2714,0,413.768615722656,258.385284423828,341.683197021484
Muntazah,2025-09-29 10:00:29.494+0000,6f33be29-67d6-48b9-8bd9-20f3ec53de68,0.286105,29.9795141_31.2557199_2025-09-29T10:00:29.494790.jpg,Longitudinal Crack,31.2557199,29.9795141,2500,36442,78.661224365234,113.260040283203,58.508308410645,83.727027893066
Muntazah,2025-09-29 10:00:21.903+0000,be77e60a-9c83-4c32-97b9-5e155cee32f0,0.455308,29.9792646_31.255438_2025-09-29T10:00:21.903432.jpg,Potholes,31.255438,29.9792646,2500,2714,251.869857788086,314.276611328125,151.513824462891,265.823791503906
Muntazah,2025-09-29 09:59:26.188+0000,78fba88f-b474-4174-b03a-f2b365aad404,0.298761,29.9776672_31.2536665_2025-09-29T09:59:26.188048.jpg,Alligator Crack,31.2536665,29.9776672,2500,2714,240.149780273438,480,17.03857421875,618.19921875
Muntazah,2025-09-29 09:59:26.188+0000,bdadc658-755c-456d-9c52-a5c3701626a6,0.260316,29.9776672_31.2536665_2025-09-29T09:59:26.188048.jpg,Alligator Crack,31.2536665,29.9776672,2500,2714,313.243469238281,480,20.108703613281,610.757751464844
Muntazah,2025-09-29 09:58:58.868+0000,b5c6645f-ba3d-49ae-8b9e-4898f204bf19,0.592411,29.9774317_31.2524833_2025-09-29T09:58:58.868944.jpg,Potholes,31.2524833,29.9774317,2500,19426,77.221580505371,119.085670471191,503.699310302734,541.399291992188
Muntazah,2025-09-29 09:58:50.805+0000,4a670f1c-0935-46d4-9aa2-1304bc23714a,0.339489,29.9774608_31.2524584_2025-09-29T09:58:50.805632.jpg,Potholes,31.2524584,29.9774608,2500,19426,111.841743469238,236.010192871094,136.438385009766,259.376373291016
Muntazah,2025-09-29 09:58:50.229+0000,b7cb7057-0edf-4565-ae76-f307c1c81fcd,0.35031,29.9774608_31.2524584_2025-09-29T09:58:50.229283.jpg,Potholes,31.2524584,29.9774608,2500,19426,410.494201660156,480,247.116088867188,352.977478027344
Muntazah,2025-09-29 09:58:39.836+0000,addf8909-ae06-4c4b-885a-3b03043d9cc1,0.350421,29.977264_31.2525281_2025-09-29T09:58:39.836345.jpg,Longitudinal Crack,31.2525281,29.977264,2500,19426,72.729309082031,331.223999023438,1.413192749023,191.569351196289
Muntazah,2025-09-29 09:57:59.061+0000,236ca678-fb5a-4d5e-8c63-1ab07f700f50,0.400735,29.9786965_31.2520795_2025-09-29T09:57:59.061393.jpg,Alligator Crack,31.2520795,29.9786965,2500,19426,39.483581542969,132.35905456543,1.102352142334,57.014633178711
Muntazah,2025-09-29 09:57:41.685+0000,306b003d-b021-43ab-ae4d-6bc1742a1530,0.379763,29.9788222_31.2519895_2025-09-29T09:57:41.685173.jpg,Alligator Crack,31.2519895,29.9788222,2500,3210,361.556030273438,480,329.105773925781,638.728454589844
Muntazah,2025-09-29 09:57:09.556+0000,6cec6893-d2af-4d31-9557-8b5d82d43338,0.394958,29.9803474_31.2515335_2025-09-29T09:57:09.556692.jpg,Alligator Crack,31.2515335,29.9803474,2500,46572,0,148.152572631836,0,101.275299072266
Muntazah,2025-09-29 09:56:58.986+0000,7fedd693-34d7-480f-b3a9-715e9d8edc16,0.288295,29.9799125_31.2506892_2025-09-29T09:56:58.986632.jpg,Potholes,31.2506892,29.9799125,2500,45378,143.408966064453,208.358978271484,519.98876953125,575.478515625
Muntazah,2025-09-29 09:56:58.986+0000,974389ea-d22e-4f13-96dc-56f6b0996fe3,0.422454,29.9799125_31.2506892_2025-09-29T09:56:58.986632.jpg,Potholes,31.2506892,29.9799125,2500,45378,135.015655517578,232.802612304688,522.848876953125,639.480712890625
Muntazah,2025-09-29 09:56:58.986+0000,c53d0535-30c3-40fb-ab23-d34dd06fc654,0.813895,29.9799125_31.2506892_2025-09-29T09:56:58.986632.jpg,Potholes,31.2506892,29.9799125,2500,45378,80.225234985352,234.934280395508,520.363403320312,639.389526367188
Muntazah,2025-09-29 09:56:58.986+0000,f799489d-ecfe-45b4-9706-cba4c4580fcf,0.431442,29.9799125_31.2506892_2025-09-29T09:56:58.986632.jpg,Potholes,31.2506892,29.9799125,2500,45378,142.473831176758,233.509414672852,520.169311523438,578.39013671875
Muntazah,2025-09-29 09:56:52.006+0000,47c091e3-ab4b-416d-b130-b9c158f40f1d,0.300442,29.9800062_31.2506129_2025-09-29T09:56:52.006505.jpg,Alligator Crack,31.2506129,29.9800062,2500,127,346.363098144531,478.384948730469,255.593322753906,640
Muntazah,2025-09-29 09:56:40.940+0000,a4857be7-0c0d-4f39-ae0a-ad24363378c2,0.378631,29.9802846_31.2503763_2025-09-29T09:56:40.940422.jpg,Potholes,31.2503763,29.9802846,2500,127,136.818420410156,171.471435546875,578.415466308594,619.945739746094
Muntazah,2025-09-29 09:56:40.281+0000,568e088d-7302-4d67-851d-6c22ac50c927,0.375473,29.9802846_31.2503763_2025-09-29T09:56:40.281802.jpg,Potholes,31.2503763,29.9802846,2500,127,43.555252075195,98.170883178711,107.915008544922,142.373687744141
Muntazah,2025-09-29 09:56:14.107+0000,920d73a0-0148-44ab-bdc0-a8d60f53bb22,0.455706,29.980805_31.2499998_2025-09-29T09:56:14.107685.jpg,Alligator Crack,31.2499998,29.980805,2500,127,310.026062011719,480,96.302551269531,627.704895019531
Muntazah,2025-09-29 09:55:08.266+0000,52fb8505-ffac-493f-af34-c8ee8ad66b9e,0.270725,29.9810422_31.2499742_2025-09-29T09:55:08.266823.jpg,Potholes,31.2499742,29.9810422,2500,17183,18.589065551758,233.520446777344,0,82.992546081543
Muntazah,2025-09-29 09:53:12.527+0000,5ce2fd0e-a681-4614-8254-d77639d5b91c,0.272888,29.9839367_31.2541217_2025-09-29T09:53:12.527489.jpg,Alligator Crack,31.2541217,29.9839367,2500,18130,288.931671142578,480,104.760375976562,639.794677734375
Muntazah,2025-09-29 09:51:05.617+0000,016b913f-4912-423f-9050-84e84faf1cac,0.351169,29.986971_31.2576408_2025-09-29T09:51:05.617746.jpg,Alligator Crack,31.2576408,29.986971,2500,62423,368.06884765625,480,0.3249206542969,460.038665771484
Muntazah,2025-09-29 09:50:54.287+0000,314106c0-020c-48e0-a01c-65ceafc90cf3,0.41211,29.9874856_31.2579205_2025-09-29T09:50:54.287772.jpg,Potholes,31.2579205,29.9874856,2500,62423,30.05859375,91.93709564209,372.117309570312,434.534912109375
Muntazah,2025-09-29 09:49:26.609+0000,8edc4983-d44e-4613-9d35-0f7a9b6c168a,0.269494,29.9877177_31.2580065_2025-09-29T09:49:26.609660.jpg,Alligator Crack,31.2580065,29.9877177,2500,3257,67.075561523438,455.949340820312,487.23486328125,640
Muntazah,2025-09-29 09:49:18.940+0000,c139a036-cc3d-461d-b9bf-1ca77ca09956,0.656119,29.9877736_31.2581629_2025-09-29T09:49:18.940648.jpg,Potholes,31.2581629,29.9877736,2500,62423,186.539703369141,260.813507080078,6.150390625,109.699310302734
Muntazah,2025-09-29 09:47:47.308+0000,c9222b20-741d-47a2-aab3-bfaad880c184,0.352249,29.9907066_31.2603125_2025-09-29T09:47:47.308835.jpg,Alligator Crack,31.2603125,29.9907066,2500,28764,117.454322814941,312.293365478516,218.146728515625,306.560485839844
Muntazah,2025-09-29 09:46:33.319+0000,6388b1a5-f6d6-46ba-b62d-f5671aeff180,0.468343,29.9935865_31.2624127_2025-09-29T09:46:33.319082.jpg,Alligator Crack,31.2624127,29.9935865,2500,28531,357.239562988281,480,28.135192871094,635.072448730469
Muntazah,2025-09-29 09:46:01.278+0000,3171c3e1-c858-495d-9971-92e792c1771a,0.553142,29.9948438_31.2632421_2025-09-29T09:46:01.278750.jpg,Alligator Crack,31.2632421,29.9948438,2500,28764,0.2901611328125,166.876602172852,419.914215087891,635.309692382812
Muntazah,2025-09-29 09:45:42.728+0000,387e5878-beaa-4695-9cac-1b70994faeeb,0.749718,29.99588_31.2639833_2025-09-29T09:45:42.728195.jpg,Potholes,31.2639833,29.99588,2500,28764,0,71.638824462891,275.532531738281,365.335876464844
Muntazah,2025-09-29 09:45:09.102+0000,5e5010c3-6a50-4b36-840a-91cbf65db96a,0.640521,29.9972617_31.2651183_2025-09-29T09:45:09.102385.jpg,Potholes,31.2651183,29.9972617,2500,28764,13.271331787109,108.585418701172,371.824310302734,464.189117431641
Muntazah,2025-09-29 09:44:38.641+0000,b3fcd9f9-e617-4dba-afcf-efaa351bd76e,0.361111,29.9975287_31.265385_2025-09-29T09:44:38.641274.jpg,Alligator Crack,31.265385,29.9975287,2500,28531,1.190856933594,478.099365234375,39.043151855469,639.042236328125
Muntazah,2025-09-29 09:42:45.320+0000,0eba48cd-8f49-4f19-8fbf-7ef81cf64203,0.3088,30.0005098_31.2680339_2025-09-29T09:42:45.320812.jpg,Alligator Crack,31.2680339,30.0005098,2500,28765,211.98991394043,452.698913574219,254.181762695312,637.967346191406
Muntazah,2025-09-29 09:42:45.320+0000,4f7ce380-8a2e-4ce2-a621-1cd15098c6e0,0.252666,30.0005098_31.2680339_2025-09-29T09:42:45.320812.jpg,Alligator Crack,31.2680339,30.0005098,2500,28765,272.004760742188,470.09765625,228.7158203125,639.046875
Muntazah,2025-09-29 09:42:37.339+0000,21fda5eb-0203-403c-a87b-7f56ce4d808e,0.517257,30.0006816_31.2680797_2025-09-29T09:42:37.339493.jpg,Potholes,31.2680797,30.0006816,2500,55214,420.267547607422,480,489.975799560547,640
Muntazah,2025-09-29 09:42:21.412+0000,283bc263-080f-4bb9-a5b8-206ff35a04a8,0.380182,30.0010693_31.2689091_2025-09-29T09:42:21.412720.jpg,Potholes,31.2689091,30.0010693,2500,3203,179.938995361328,268.258087158203,0,29.815849304199
Muntazah,2025-09-29 09:41:49.836+0000,3cba65db-4d59-4679-9cd8-2182bbda8d5f,0.34539,30.0013812_31.2693879_2025-09-29T09:41:49.836025.jpg,Potholes,31.2693879,30.0013812,2500,28763,0,145.15869140625,483.8134765625,639.799560546875
Muntazah,2025-09-29 09:40:08.851+0000,718170e8-9291-4af2-b1b0-ad9a56feb0fe,0.540024,30.0047983_31.2733867_2025-09-29T09:40:08.851039.jpg,Alligator Crack,31.2733867,30.0047983,2500,2703,0,292.465667724609,195.35009765625,635.037475585938
Muntazah,2025-09-29 09:39:15.324+0000,682a7723-7aa9-4b91-9131-e6a526370e13,0.444101,30.0060664_31.2745399_2025-09-29T09:39:15.324501.jpg,Alligator Crack,31.2745399,30.0060664,2500,2703,357.277618408203,480,31.990234375,629.189208984375
Muntazah,2025-09-29 09:39:12.632+0000,de974835-dce4-4131-9f27-fa6bc5190561,0.348994,30.0060664_31.2745399_2025-09-29T09:39:12.632268.jpg,Longitudinal Crack,31.2745399,30.0060664,2500,2703,56.276428222656,185.610870361328,65.018981933594,164.355194091797
Muntazah,2025-09-29 09:38:50.523+0000,ced8e480-bb0a-4371-9f4f-9c6833f3e1a8,0.287394,30.0064706_31.2748969_2025-09-29T09:38:50.523020.jpg,Longitudinal Crack,31.2748969,30.0064706,2500,2703,134.646057128906,267.050537109375,79.566375732422,217.832916259766
Muntazah,2025-09-29 09:38:50.523+0000,f7da4d4e-c96b-4ba6-a6f0-a6302636d26a,0.257397,30.0064706_31.2748969_2025-09-29T09:38:50.523020.jpg,Potholes,31.2748969,30.0064706,2500,2703,116.401641845703,271.438659667969,76.494171142578,217.321655273438
Muntazah,2025-09-29 09:38:27.131+0000,bd6a5d52-7fb3-4f1c-aee4-4779a14fa710,0.411077,30.0070099_31.2754635_2025-09-29T09:38:27.131064.jpg,Potholes,31.2754635,30.0070099,2500,3206,1.351745605469,54.021202087402,379.504577636719,430.814270019531
Muntazah,2025-09-29 09:37:48.852+0000,1c15fa24-a6db-45ca-b0d7-ed626f917194,0.819363,30.0077983_31.2762297_2025-09-29T09:37:48.852203.jpg,Potholes,31.2762297,30.0077983,2500,2703,94.986557006836,135.516952514648,330.143981933594,402.663757324219
Muntazah,2025-09-29 09:37:11.332+0000,37788b7a-da0f-4cfc-8308-1ba54b701599,0.261396,30.0089334_31.2773537_2025-09-29T09:37:11.332053.jpg,Alligator Crack,31.2773537,30.0089334,2500,3206,0,311.912780761719,277.510437011719,634.660766601562
Muntazah,2025-09-29 09:37:01.103+0000,2bc15f01-32b1-41d9-8ee7-9c341573f5c4,0.371003,30.0089696_31.2773861_2025-09-29T09:37:01.103361.jpg,Potholes,31.2773861,30.0089696,2500,3206,58.191860198975,114.013397216797,451.868286132812,511.305786132812
Muntazah,2025-09-29 09:36:48.902+0000,7a136e4a-412e-4812-9483-11b90a30be6b,0.323975,30.0089776_31.2773664_2025-09-29T09:36:48.902076.jpg,Potholes,31.2773664,30.0089776,2500,3206,143.880767822266,234.344757080078,567.11474609375,640
Muntazah,2025-09-29 09:36:43.414+0000,a8cf360c-5965-4f36-83fc-7d1de251ff44,0.725742,30.0090229_31.2774622_2025-09-29T09:36:43.414846.jpg,Potholes,31.2774622,30.0090229,2500,3206,209.969787597656,337.682556152344,160.390625,245.395965576172
Muntazah,2025-09-29 09:36:40.981+0000,95dda918-02a0-447f-9f23-91edd4b41b4c,0.784207,30.0090229_31.2774622_2025-09-29T09:36:40.981918.jpg,Potholes,31.2774622,30.0090229,2500,3206,0,327.72265625,136.104705810547,257.519104003906
Muntazah,2025-09-29 09:36:40.981+0000,c4ef5635-3f28-4dff-9da0-f0fcba649dff,0.562986,30.0090229_31.2774622_2025-09-29T09:36:40.981918.jpg,Potholes,31.2774622,30.0090229,2500,3206,0,230.259048461914,140.386444091797,234.189300537109
Muntazah,2025-09-29 09:36:35.782+0000,cf1557e4-db7e-449b-b2bf-9672b2f35815,0.305143,30.0091069_31.2775002_2025-09-29T09:36:35.782383.jpg,Potholes,31.2775002,30.0091069,2500,3206,222.504730224609,273.468719482422,0,46.694652557373
Muntazah,2025-09-29 09:36:07.354+0000,d0ad4541-c35a-4276-b75b-3a6c4e3eafed,0.260338,30.0095249_31.2777378_2025-09-29T09:36:07.354527.jpg,Potholes,31.2777378,30.0095249,2500,2703,0,30.956903457642,161.994155883789,211.579971313477
Muntazah,2025-09-26 11:30:14.832+0000,7f0f12b1-f2a5-4f94-8a2b-c02bf4471803,0.257799,30.009819_31.2779247_2025-09-26T11:30:14.832932.jpg,Alligator Crack,31.2779247,30.009819,2500,2703,301.271636962891,479.603912353516,315.793273925781,638.763549804688
Muntazah,2025-09-26 11:30:01.792+0000,08b41f0a-bd14-4706-b66d-5621b36e326a,0.275276,30.0100419_31.2777074_2025-09-26T11:30:01.792304.jpg,Potholes,31.2777074,30.0100419,2500,41667,194.247375488281,245.900939941406,544.611694335938,596.694213867188
Muntazah,2025-09-26 11:30:01.792+0000,b106dad2-6357-41bb-bb0d-a2a8ce2491d4,0.502398,30.0100419_31.2777074_2025-09-26T11:30:01.792304.jpg,Potholes,31.2777074,30.0100419,2500,41667,182.194900512695,244.13362121582,544.575805664062,605.164794921875
Muntazah,2025-09-26 11:28:33.571+0000,8fcf0ca2-bd6c-4fba-b459-64750678810f,0.356468,30.011332_31.2766952_2025-09-26T11:28:33.571983.jpg,Potholes,31.2766952,30.011332,2500,3222,267.484344482422,322.970550537109,299.881774902344,349.236145019531
Muntazah,2025-09-26 11:28:33.571+0000,9c8e2ff8-0d57-4f9b-8389-aa3796140206,0.393041,30.011332_31.2766952_2025-09-26T11:28:33.571983.jpg,Potholes,31.2766952,30.011332,2500,3222,241.848419189453,284.690643310547,233.264373779297,262.382080078125
Muntazah,2025-09-26 11:28:17.096+0000,824fab2a-1fa1-4158-9ead-15fb46edc41f,0.356001,30.0113216_31.2763216_2025-09-26T11:28:17.096723.jpg,Transverse Crack,31.2763216,30.0113216,2500,52917,30.494476318359,244.268341064453,19.169473648071,51.897789001465
Muntazah,2025-09-26 11:27:55.061+0000,2c334a73-dc0b-4fef-9ac6-9d602dc194b2,0.265079,30.0110606_31.2761158_2025-09-26T11:27:55.061525.jpg,Potholes,31.2761158,30.0110606,2500,52917,236.32861328125,278.475219726562,316.761352539062,339.840026855469
Muntazah,2025-09-26 11:27:55.061+0000,79937b0a-dc07-4bf9-8eb7-6ace26d2b1bd,0.291027,30.0110606_31.2761158_2025-09-26T11:27:55.061525.jpg,Transverse Crack,31.2761158,30.0110606,2500,52917,3.146179199219,471.703002929688,271.251281738281,339.729431152344
Muntazah,2025-09-26 11:27:37.886+0000,16393a3b-9e87-4f52-add5-84bdc82b721d,0.329371,30.0108002_31.2754908_2025-09-26T11:27:37.886012.jpg,Potholes,31.2754908,30.0108002,2500,57637,0,82.073265075684,540.086730957031,640
Muntazah,2025-09-26 11:27:37.886+0000,fb7892ef-0441-4fa4-b0a0-279f50dec5e6,0.279195,30.0108002_31.2754908_2025-09-26T11:27:37.886012.jpg,Longitudinal Crack,31.2754908,30.0108002,2500,57637,156.613067626953,240.684844970703,129.513519287109,184.883270263672
Muntazah,2025-09-26 11:27:09.528+0000,0be8195d-5909-487b-9f1e-9e6e2d5372b1,0.735149,30.0100236_31.2749069_2025-09-26T11:27:09.528194.jpg,Potholes,31.2749069,30.0100236,2500,52917,242.538055419922,312.945892333984,494.282409667969,603.756530761719
Muntazah,2025-09-26 11:26:57.301+0000,9da5241e-8277-4050-8790-ddd944e87cc9,0.504102,30.0098559_31.274769_2025-09-26T11:26:57.301603.jpg,Potholes,31.274769,30.0098559,2500,52917,224.322662353516,254.330352783203,139.57080078125,162.519958496094
Muntazah,2025-09-26 11:26:52.857+0000,ba696cd4-0818-42f4-8104-0b54a14f737d,0.761182,30.009788_31.2746594_2025-09-26T11:26:52.857730.jpg,Potholes,31.2746594,30.009788,2500,52917,142.28857421875,300.928405761719,220.712097167969,286.91015625
Muntazah,2025-09-26 11:26:26.012+0000,630b8e1e-24dc-417a-b3dc-54e29d1d0d28,0.347234,30.0093017_31.2744209_2025-09-26T11:26:26.012364.jpg,Longitudinal Crack,31.2744209,30.0093017,2500,39997,98.86100769043,154.967193603516,24.804420471191,83.855895996094
Muntazah,2025-09-26 11:26:21.384+0000,136b43db-e59e-4f50-ba64-509c957b3701,0.470682,30.0091762_31.2738783_2025-09-26T11:26:21.384715.jpg,Alligator Crack,31.2738783,30.0091762,2500,1287,284.363037109375,479.880493164062,166.589172363281,594.338500976562
Muntazah,2025-09-26 11:26:16.849+0000,47742c0d-ec20-48c4-b58c-f6640ce29412,0.652604,30.0087507_31.2735998_2025-09-26T11:26:16.849585.jpg,Longitudinal Crack,31.2735998,30.0087507,2500,52917,70.888641357422,394.626007080078,49.165405273438,196.939117431641
Muntazah,2025-09-26 11:26:16.849+0000,c3acbe05-4fe3-439d-9006-7375ea2e30ea,0.260849,30.0087507_31.2735998_2025-09-26T11:26:16.849585.jpg,Alligator Crack,31.2735998,30.0087507,2500,52917,283.833343505859,475.238861083984,272.147766113281,540.015991210938
Muntazah,2025-09-26 11:26:14.096+0000,9c374d1b-d151-4a7c-9a06-1ca0b307732a,0.592153,30.0087507_31.2735998_2025-09-26T11:26:14.096234.jpg,Potholes,31.2735998,30.0087507,2500,52917,287.606323242188,317.581665039062,568.080383300781,596.867980957031
Muntazah,2025-09-26 11:26:14.096+0000,e7512217-19e2-43a1-9e39-4ee525a6bc73,0.592852,30.0087507_31.2735998_2025-09-26T11:26:14.096234.jpg,Potholes,31.2735998,30.0087507,2500,52917,210.113952636719,248.984344482422,381.617858886719,416.107116699219
Muntazah,2025-09-26 11:26:13.214+0000,0d07f2a8-75d9-47b9-b1b6-491480967981,0.411668,30.0087507_31.2735998_2025-09-26T11:26:13.214130.jpg,Longitudinal Crack,31.2735998,30.0087507,2500,52917,312.020599365234,351.824737548828,204.082916259766,229.5048828125
Muntazah,2025-09-26 11:25:44.394+0000,2e6d2d5a-41c3-43bb-8f6c-2f5832d6b3db,0.503035,30.0084138_31.2734005_2025-09-26T11:25:44.394704.jpg,Potholes,31.2734005,30.0084138,2500,52917,0,74.362945556641,497.824951171875,639.414672851562
Muntazah,2025-09-26 11:25:16.918+0000,1c21a3a4-f918-4be9-8216-5b8448a794b4,0.41,30.0080172_31.2729736_2025-09-26T11:25:16.918614.jpg,Potholes,31.2729736,30.0080172,2500,52917,220.645233154297,250.562713623047,255.044128417969,285.485900878906
Muntazah,2025-09-26 11:24:49.308+0000,41433bbc-2722-4aaa-afdb-90c60cf05846,0.409048,30.0074166_31.2724462_2025-09-26T11:24:49.308378.jpg,Alligator Crack,31.2724462,30.0074166,2500,52917,223.661987304688,480,34.688537597656,632.9931640625
Muntazah,2025-09-26 11:24:43.909+0000,6776edba-7cf3-4d23-8a57-cba9d456923a,0.284506,30.007345_31.2723581_2025-09-26T11:24:43.909467.jpg,Potholes,31.2723581,30.007345,2500,52917,156.209869384766,318.529693603516,474.723541259766,635.778198242188
Muntazah,2025-09-26 11:24:43.909+0000,c40d4726-8fbb-4f29-a3ca-99863ad3c5c8,0.537639,30.007345_31.2723581_2025-09-26T11:24:43.909467.jpg,Potholes,31.2723581,30.007345,2500,52917,160.009033203125,276.425903320312,474.337005615234,627.951782226562
Muntazah,2025-09-26 11:24:43.909+0000,d8f8d228-ae94-4cb3-b372-d650e3526bf9,0.6124,30.007345_31.2723581_2025-09-26T11:24:43.909467.jpg,Potholes,31.2723581,30.007345,2500,52917,208.722579956055,311.590393066406,306.391876220703,422.656158447266
Muntazah,2025-09-26 11:24:19.889+0000,f03dcc07-9dc1-4f98-998b-a32440f19355,0.567703,30.0065682_31.2715957_2025-09-26T11:24:19.889574.jpg,Potholes,31.2715957,30.0065682,2500,39658,338.022644042969,477.226379394531,591.173706054688,640
Muntazah,2025-09-26 11:23:47.133+0000,60059049-4cbf-4928-90db-afc6c2a70532,0.464529,30.005868_31.2702628_2025-09-26T11:23:47.133199.jpg,Longitudinal Crack,31.2702628,30.005868,2500,1287,320.715454101562,351.058837890625,364.008117675781,406.933776855469
Muntazah,2025-09-26 11:23:43.278+0000,7eed10fd-26fb-4376-914a-302c8dc3d4c5,0.378388,30.005868_31.2702628_2025-09-26T11:23:43.278875.jpg,Potholes,31.2702628,30.005868,2500,1287,271.744812011719,306.734619140625,28.125492095947,51.015079498291
Muntazah,2025-09-26 11:23:32.002+0000,c944d78f-b015-49e5-8584-18df19b3693e,0.255418,30.0055577_31.2705143_2025-09-26T11:23:32.002247.jpg,Potholes,31.2705143,30.0055577,2500,39240,207.650390625,260.720825195312,362.32373046875,411.960571289062
Muntazah,2025-09-26 11:23:06.732+0000,d8667546-3c05-4b9f-b177-fb59bf39b562,0.39526,30.0049771_31.2709685_2025-09-26T11:23:06.732290.jpg,Potholes,31.2709685,30.0049771,2500,39240,0.1723709106445,26.261766433716,98.820327758789,132.278549194336
Muntazah,2025-09-26 11:22:57.544+0000,b28706e4-968a-437b-a46d-97e9230f6a90,0.310977,30.0049641_31.270994_2025-09-26T11:22:57.544335.jpg,Potholes,31.270994,30.0049641,2500,39240,0,96.792190551758,509.147003173828,639.807373046875
Muntazah,2025-09-26 11:22:46.034+0000,8c47e22a-c407-42f2-b733-d41314255680,0.270779,30.0049641_31.270994_2025-09-26T11:22:46.034433.jpg,Potholes,31.270994,30.0049641,2500,39240,0,28.766975402832,581.612548828125,628.123901367188
Muntazah,2025-09-26 11:22:42.112+0000,820e1183-1c77-470e-b09a-4c279074863b,0.368342,30.0049304_31.2710012_2025-09-26T11:22:42.112891.jpg,Potholes,31.2710012,30.0049304,2500,39240,58.137512207031,282.992065429688,16.224014282227,94.71728515625
Muntazah,2025-09-26 11:22:42.112+0000,a1535e06-2e9f-42eb-b306-2859860fa266,0.72133,30.0049304_31.2710012_2025-09-26T11:22:42.112891.jpg,Potholes,31.2710012,30.0049304,2500,39240,0,278.796661376953,3.974548339844,115.946914672852
Muntazah,2025-09-26 11:22:41.282+0000,3adbd337-0586-43df-9218-57f51f9f712f,0.622475,30.0049304_31.2710012_2025-09-26T11:22:41.282537.jpg,Potholes,31.2710012,30.0049304,2500,39240,215.570556640625,334.239318847656,61.310943603516,111.101181030273
Muntazah,2025-09-26 11:22:40.703+0000,331fbbec-746f-4cec-bb0e-c704dd1d6603,0.396552,30.0049304_31.2710012_2025-09-26T11:22:40.703843.jpg,Potholes,31.2710012,30.0049304,2500,39240,224.789199829102,352.149536132812,0,44.691692352295
Muntazah,2025-09-26 11:22:35.842+0000,949f4f52-a40a-4068-b736-b8cbdd92e4b9,0.374477,30.0049281_31.2710098_2025-09-26T11:22:35.842535.jpg,Potholes,31.2710098,30.0049281,2500,39240,148.469207763672,198.007293701172,263.941741943359,292.429473876953
Muntazah,2025-09-26 11:22:04.149+0000,e7c6b3a9-3c55-4863-a65f-a751bb52852c,0.563776,30.0042175_31.2709863_2025-09-26T11:22:04.149286.jpg,Potholes,31.2709863,30.0042175,2500,39243,178.92236328125,223.609771728516,22.992956161499,57.314445495605
Muntazah,2025-09-26 11:21:52.167+0000,f5ce4df8-1657-4149-8ac0-f9a6f607dc77,0.430762,30.0041112_31.270848_2025-09-26T11:21:52.167879.jpg,Potholes,31.270848,30.0041112,2500,27846,389.876342773438,479.545104980469,194.831665039062,272.307373046875
Muntazah,2025-09-26 11:21:32.911+0000,21e100f5-27f7-44e4-8411-26035f0d829e,0.280004,30.0039338_31.271045_2025-09-26T11:21:32.911151.jpg,Alligator Crack,31.271045,30.0039338,2500,27846,244.603698730469,371.36767578125,22.8095703125,91.288482666016
Muntazah,2025-09-26 11:21:30.881+0000,4d321e82-5774-4f49-8bd6-cc09565e0da8,0.313267,30.0039338_31.271045_2025-09-26T11:21:30.881883.jpg,Alligator Crack,31.271045,30.0039338,2500,27846,222.884765625,395.178344726562,0,46.079795837402
Muntazah,2025-09-26 11:20:52.485+0000,9eef0bde-32ad-48d4-a0ac-fe636c77c047,0.449021,30.003386_31.2714054_2025-09-26T11:20:52.485528.jpg,Transverse Crack,31.2714054,30.003386,2500,27846,316.496459960938,474.246948242188,109.569808959961,138.326599121094
Muntazah,2025-09-26 11:20:04.094+0000,37ea4b54-327e-4036-83ec-50e68f58ecaf,0.465601,30.0035635_31.2723289_2025-09-26T11:20:04.094398.jpg,Potholes,31.2723289,30.0035635,2500,3206,403.726684570312,469.208251953125,195.991455078125,234.840759277344
Muntazah,2025-09-26 11:19:39.429+0000,4fd202bb-7e6c-444e-8e61-242a5a42d4b2,0.662778,30.0043162_31.2730479_2025-09-26T11:19:39.429347.jpg,Potholes,31.2730479,30.0043162,2500,3206,194.640930175781,274.830169677734,412.447265625,506.772338867188
Muntazah,2025-09-26 11:19:20.054+0000,e0814cf5-1104-4c00-81b6-54d7faf5a73b,0.287685,30.0048388_31.2732703_2025-09-26T11:19:20.054537.jpg,Alligator Crack,31.2732703,30.0048388,2500,2703,47.576629638672,443.512603759766,348.938903808594,640
Muntazah,2025-09-26 11:19:06.783+0000,33f9d215-3f36-460e-91f9-625bb2ac6fe6,0.581098,30.0052209_31.2737011_2025-09-26T11:19:06.783469.jpg,Potholes,31.2737011,30.0052209,2500,2703,271.976257324219,350.414184570312,211.140563964844,266.332702636719
Muntazah,2025-09-26 11:19:06.783+0000,e8f755b6-6356-43d4-a2fa-59b4706a88ae,0.281623,30.0052209_31.2737011_2025-09-26T11:19:06.783469.jpg,Potholes,31.2737011,30.0052209,2500,2703,156.413146972656,194.588439941406,22.5703125,42.411445617676
Muntazah,2025-09-26 11:18:42.745+0000,01600ff0-c79e-45fe-8de9-7510a4dad98a,0.269748,30.0056799_31.2742242_2025-09-26T11:18:42.745162.jpg,Potholes,31.2742242,30.0056799,2500,3206,237.214996337891,322.339447021484,72.985504150391,121.22021484375
Muntazah,2025-09-26 11:18:42.745+0000,78240935-fd68-4c85-b6c2-bf2b5c886d75,0.400651,30.0056799_31.2742242_2025-09-26T11:18:42.745162.jpg,Potholes,31.2742242,30.0056799,2500,3206,238.166519165039,297.618896484375,73.414520263672,119.708892822266
Muntazah,2025-09-26 11:18:29.323+0000,39f29067-3622-47af-8e94-acfa6a9e436f,0.721842,30.0059661_31.2744812_2025-09-26T11:18:29.323671.jpg,Potholes,31.2744812,30.0059661,2500,38895,153.575408935547,210.498565673828,56.199119567871,95.47241973877
Muntazah,2025-09-26 11:18:28.187+0000,08c2dde4-2433-4df0-b255-49a199501845,0.302548,30.0059661_31.2744812_2025-09-26T11:18:28.187080.jpg,Potholes,31.2744812,30.0059661,2500,38895,175.198287963867,412.816955566406,244.230102539062,353.918823242188
Muntazah,2025-09-26 11:18:27.170+0000,29908110-7731-4672-9c19-170cb3a48188,0.38565,30.0059661_31.2744812_2025-09-26T11:18:27.170977.jpg,Potholes,31.2744812,30.0059661,2500,38895,89.242630004883,232.758041381836,302.432800292969,399.468933105469
Muntazah,2025-09-26 11:18:27.170+0000,92cd9a73-a13f-421e-aa65-3fd1cd9e7a31,0.302727,30.0059661_31.2744812_2025-09-26T11:18:27.170977.jpg,Potholes,31.2744812,30.0059661,2500,38895,93.900207519531,160.089080810547,174.605133056641,275.106658935547
Muntazah,2025-09-26 11:18:27.170+0000,c29802bf-f0b6-4b82-b25a-aa72793be1d4,0.748565,30.0059661_31.2744812_2025-09-26T11:18:27.170977.jpg,Potholes,31.2744812,30.0059661,2500,38895,314.426300048828,411.684478759766,149.304962158203,202.274139404297
Muntazah,2025-09-26 11:18:27.170+0000,e346669b-4789-471e-80d6-7c33dcb7f094,0.626171,30.0059661_31.2744812_2025-09-26T11:18:27.170977.jpg,Potholes,31.2744812,30.0059661,2500,38895,87.546142578125,236.241790771484,300.226928710938,435.430786132812
Muntazah,2025-09-26 11:18:22.805+0000,4c04cea0-a278-4365-b982-0a9616b77492,0.381871,30.0060437_31.2745362_2025-09-26T11:18:22.805938.jpg,Alligator Crack,31.2745362,30.0060437,2500,3206,0,479.030700683594,403.693176269531,639.656311035156
Muntazah,2025-09-26 11:18:22.805+0000,abb05a79-395f-4ccd-a54c-af338afa6cf9,0.340305,30.0060437_31.2745362_2025-09-26T11:18:22.805938.jpg,Potholes,31.2745362,30.0060437,2500,3206,0,83.437034606934,116.22306060791,208.117095947266
Muntazah,2025-09-26 11:18:22.805+0000,f32847ba-c062-416f-8bda-a4dc96359418,0.420608,30.0060437_31.2745362_2025-09-26T11:18:22.805938.jpg,Potholes,31.2745362,30.0060437,2500,3206,3.484222412109,82.312576293945,116.386306762695,174.203323364258
Muntazah,2025-09-26 11:17:42.727+0000,0b3cb703-5f17-410e-a3f0-c61848e87762,0.394023,30.0066353_31.2750445_2025-09-26T11:17:42.727162.jpg,Potholes,31.2750445,30.0066353,2500,2703,15.77766418457,114.874801635742,0,40.056137084961
Muntazah,2025-09-26 11:17:42.727+0000,4beae76e-d686-4969-8460-b31227b5a5c8,0.36457,30.0066353_31.2750445_2025-09-26T11:17:42.727162.jpg,Potholes,31.2750445,30.0066353,2500,2703,59.464859008789,133.693115234375,54.901611328125,98.506591796875
Muntazah,2025-09-26 11:17:42.727+0000,c1af20f3-7fe1-4123-96f4-f4020fa4d54d,0.336164,30.0066353_31.2750445_2025-09-26T11:17:42.727162.jpg,Potholes,31.2750445,30.0066353,2500,2703,357.575378417969,453.514099121094,71.8720703125,114.789672851562
Muntazah,2025-09-26 11:16:31.660+0000,df82de27-fa9c-48fe-9694-cfb35ad2f88d,0.265417,30.0076522_31.2760922_2025-09-26T11:16:31.660392.jpg,Longitudinal Crack,31.2760922,30.0076522,2500,2703,310.019989013672,398.974578857422,33.512466430664,94.135070800781
Muntazah,2025-09-26 11:16:28.256+0000,4da99cea-fe8d-4a65-bd6b-839150ccf0b1,0.252154,30.0076522_31.2760922_2025-09-26T11:16:28.256505.jpg,Alligator Crack,31.2760922,30.0076522,2500,2703,319.072631835938,445.700805664062,127.963363647461,204.144607543945
Muntazah,2025-09-26 11:16:20.473+0000,5580d4cc-e08a-43b6-b844-6af46a4e667e,0.336937,30.0077597_31.2761323_2025-09-26T11:16:20.473156.jpg,Potholes,31.2761323,30.0077597,2500,2703,58.057495117188,181.829727172852,76.731994628906,122.205200195312
Muntazah,2025-09-26 11:16:20.473+0000,ff264587-40a1-4902-a3dc-ee21ddeb6e10,0.25255,30.0077597_31.2761323_2025-09-26T11:16:20.473156.jpg,Potholes,31.2761323,30.0077597,2500,2703,90.255142211914,180.192581176758,76.009170532227,119.513961791992
Muntazah,2025-09-26 11:16:19.633+0000,5c9224b8-2c74-4ee8-b32e-7b1d90747868,0.293721,30.0077597_31.2761323_2025-09-26T11:16:19.633173.jpg,Potholes,31.2761323,30.0077597,2500,2703,73.404510498047,144.979461669922,9.122856140137,38.95482635498
Muntazah,2025-09-26 11:16:10.014+0000,f5d8a6ec-c706-4aa9-895e-397dd403f117,0.389991,30.0080425_31.2764423_2025-09-26T11:16:10.014308.jpg,Transverse Crack,31.2764423,30.0080425,2500,2703,179.844390869141,307.440155029297,40.724403381348,63.482856750488
Muntazah,2025-09-26 11:15:37.696+0000,4448ad74-d6c8-4d1c-8c8b-0762459f0164,0.255817,30.0085275_31.2769512_2025-09-26T11:15:37.696638.jpg,Potholes,31.2769512,30.0085275,2500,2703,271.517944335938,365.39599609375,145.571823120117,173.041763305664
Muntazah,2025-09-26 11:04:51.563+0000,4fcb273c-47f9-48c9-881b-9467710df96a,0.507529,30.0082591_31.2778444_2025-09-26T11:04:51.563283.jpg,Potholes,31.2778444,30.0082591,2500,18194,352.01806640625,480,279.002258300781,385.020935058594
Muntazah,2025-09-26 11:04:14.535+0000,a0cd8bd2-f693-4c61-9f2c-266506130802,0.564811,30.0076112_31.2781884_2025-09-26T11:04:14.535852.jpg,Potholes,31.2781884,30.0076112,2500,18194,163.212677001953,239.507934570312,185.947906494141,235.109832763672
Muntazah,2025-09-26 11:04:00.642+0000,ec3f8980-d18a-4749-a524-67e7cf2927b8,0.339513,30.0080226_31.2780313_2025-09-26T11:04:00.642943.jpg,Potholes,31.2780313,30.0080226,2500,18194,303.285217285156,377.535522460938,261.347717285156,314.023498535156
Muntazah,2025-09-26 11:03:52.844+0000,14f1280b-aa60-41ba-acb8-46b4c5f944df,0.46843,30.0081231_31.2779479_2025-09-26T11:03:52.844631.jpg,Potholes,31.2779479,30.0081231,2500,18194,163.946258544922,208.438262939453,189.296661376953,229.638031005859
Muntazah,2025-09-26 11:03:49.588+0000,e94949b9-124b-4c23-bdd8-bd83d93eafd1,0.484604,30.0081231_31.2779479_2025-09-26T11:03:49.588346.jpg,Potholes,31.2779479,30.0081231,2500,18194,295.6474609375,344.35986328125,394.022003173828,447.595062255859
Muntazah,2025-09-26 11:03:41.386+0000,ce505797-136a-4ac0-a4c1-b22c38503361,0.35486,30.0082973_31.2777822_2025-09-26T11:03:41.386287.jpg,Potholes,31.2777822,30.0082973,2500,18194,169.971343994141,264.648345947266,143.0078125,187.9951171875
Muntazah,2025-09-26 11:03:32.978+0000,f853aebc-8583-4229-ba1a-947388e5c79e,0.335751,30.0085664_31.2774938_2025-09-26T11:03:32.978151.jpg,Potholes,31.2774938,30.0085664,2500,18194,193.891372680664,225.485733032227,334.598663330078,358.735015869141
Muntazah,2025-09-26 11:03:07.535+0000,99a2fc5b-c800-4010-9024-57e55c3f430f,0.483157,30.0089007_31.2773281_2025-09-26T11:03:07.535259.jpg,Potholes,31.2773281,30.0089007,2500,3206,221.384094238281,258.546875,24.241310119629,46.48420715332
Muntazah,2025-09-26 11:02:59.136+0000,4493543a-b3fa-47fd-b1ba-ee86a6a8e10d,0.355861,30.0090962_31.2774645_2025-09-26T11:02:59.136361.jpg,Potholes,31.2774645,30.0090962,2500,3206,284.288970947266,410.363739013672,262.189025878906,336.687316894531
Muntazah,2025-09-26 11:02:51.318+0000,df7f4dec-6b22-49b9-ac8c-a9f7873a4a11,0.308073,30.0092285_31.2774911_2025-09-26T11:02:51.318238.jpg,Longitudinal Crack,31.2774911,30.0092285,2500,38894,252.35400390625,328.834899902344,0,157.915008544922
Muntazah,2025-09-26 11:02:43.086+0000,5d0a2c54-fe1d-4c8b-b609-0909fa0102de,0.534296,30.0094608_31.2777038_2025-09-26T11:02:43.086655.jpg,Longitudinal Crack,31.2777038,30.0094608,2500,2703,214.545776367188,282.484741210938,151.747283935547,279.990875244141
Muntazah,2025-09-26 11:01:58.851+0000,cf59c2f5-c91f-489c-b57a-0aa65731bc94,0.289261,30.0102032_31.2782829_2025-09-26T11:01:58.851858.jpg,Longitudinal Crack,31.2782829,30.0102032,2500,2703,327.45751953125,392.611206054688,198.513610839844,304.461975097656
Muntazah,2025-09-26 11:01:07.078+0000,a6fe1311-9db7-4183-8256-e7a669a03019,0.493148,30.01107_31.2789883_2025-09-26T11:01:07.078605.jpg,Longitudinal Crack,31.2789883,30.01107,2500,3206,116.450782775879,194.801727294922,105.40446472168,233.026931762695
Muntazah,2025-09-26 11:01:01.463+0000,cf9dd1b6-cdbf-43e9-ab21-2186b6fe486f,0.560239,30.0110911_31.2790137_2025-09-26T11:01:01.463794.jpg,Potholes,31.2790137,30.0110911,2500,3206,298.587341308594,426.271545410156,135.592681884766,239.635375976562
Muntazah,2025-09-26 11:00:56.916+0000,1699ee03-b5f3-47b5-a151-f5a28316ed8a,0.256265,30.0110528_31.2789948_2025-09-26T11:00:56.916034.jpg,Potholes,31.2789948,30.0110528,2500,3206,1.88298034668,102.421371459961,49.144950866699,91.366752624512
Muntazah,2025-09-26 11:00:45.636+0000,dcfb1506-c94e-4f0f-8bcd-f7be32ab7e85,0.39847,30.0105961_31.2786475_2025-09-26T11:00:45.636121.jpg,Potholes,31.2786475,30.0105961,2500,3206,1.046241760254,87.242408752441,513.496948242188,639.656616210938
Muntazah,2025-09-26 11:00:34.127+0000,81e6b87d-a1ab-49c1-8bf5-cceeb5c4a26e,0.294602,30.0107615_31.2783071_2025-09-26T11:00:34.127957.jpg,Alligator Crack,31.2783071,30.0107615,2500,41381,285.16162109375,395.734008789062,26.060668945312,87.367797851562
Muntazah,2025-09-26 11:00:17.154+0000,02f8e040-360d-4fac-8961-e50ed60831dc,0.258774,30.0108954_31.2781843_2025-09-26T11:00:17.154441.jpg,Transverse Crack,31.2781843,30.0108954,2500,41381,244.377593994141,431.731597900391,141.022430419922,170.066925048828
Muntazah,2025-09-26 11:00:01.350+0000,df93bfda-8e56-4920-b104-8c8a85a9d3ef,0.291726,30.0108416_31.2782583_2025-09-26T11:00:01.350590.jpg,Potholes,31.2782583,30.0108416,2500,41381,0,96.148391723633,485.423706054688,638.067749023438
Muntazah,2025-09-26 10:59:01.672+0000,807dccb8-b67f-444e-a726-b6d0ce2405b0,0.471023,30.0096085_31.2777971_2025-09-26T10:59:01.672300.jpg,Transverse Crack,31.2777971,30.0096085,2500,2703,292.419372558594,480,397.49658203125,474.988037109375
Muntazah,2025-09-26 10:59:01.672+0000,b23e42e2-337a-4cd7-bbdd-02d0137b7f53,0.26077,30.0096085_31.2777971_2025-09-26T10:59:01.672300.jpg,Longitudinal Crack,31.2777971,30.0096085,2500,2703,295.425109863281,477.994201660156,398.108093261719,475.686584472656
Muntazah,2025-09-26 10:58:43.432+0000,8e306012-363e-4edf-96b7-3e99e164027a,0.318003,30.0093849_31.2776955_2025-09-26T10:58:43.432084.jpg,Longitudinal Crack,31.2776955,30.0093849,2500,3206,0.680721282959,59.85054397583,480.696563720703,590.04638671875
Muntazah,2025-09-26 10:58:26.077+0000,6b77c589-d360-4da8-abf8-7ecf01c4e000,0.392957,30.0090671_31.2775085_2025-09-26T10:58:26.077559.jpg,Potholes,31.2775085,30.0090671,2500,3206,345.421508789062,385.674072265625,206.017623901367,234.899124145508
Muntazah,2025-09-26 10:58:14.232+0000,e49c0f04-670d-4f04-82bb-37f4b95db23a,0.321388,30.0089423_31.277342_2025-09-26T10:58:14.232870.jpg,Potholes,31.277342,30.0089423,2500,3206,186.010467529297,318.563751220703,107.980087280273,194.113967895508
Muntazah,2025-09-26 10:58:08.480+0000,e042ca51-295c-445c-9126-4fbbf13ca021,0.317242,30.0089465_31.2771946_2025-09-26T10:58:08.480108.jpg,Potholes,31.2771946,30.0089465,2500,2703,173.610778808594,310.461669921875,107.128143310547,194.380279541016
Muntazah,2025-09-26 10:43:21.203+0000,3f0e117f-3ef1-4ed6-bcc6-277bb975a865,0.60616,30.0083751_31.2767959_2025-09-26T10:43:21.203830.jpg,Potholes,31.2767959,30.0083751,2500,2703,147.234283447266,259.545196533203,235.743804931641,344.929656982422
Muntazah,2025-09-26 10:43:21.203+0000,d7583311-7819-4463-a626-da2eba18ac2a,0.778865,30.0083751_31.2767959_2025-09-26T10:43:21.203830.jpg,Potholes,31.2767959,30.0083751,2500,2703,144.559204101562,469.107543945312,222.808227539062,359.669799804688
Muntazah,2025-09-26 10:42:53.224+0000,0f3216e9-038d-4598-8240-3b613771f31f,0.580703,30.0075252_31.2759224_2025-09-26T10:42:53.224908.jpg,Potholes,31.2759224,30.0075252,2500,2703,282.401489257812,328.939819335938,124.257591247559,152.523956298828
Muntazah,2025-09-26 10:42:53.224+0000,c538536e-ca08-4a36-9537-c766968b2f7b,0.711198,30.0075252_31.2759224_2025-09-26T10:42:53.224908.jpg,Potholes,31.2759224,30.0075252,2500,2703,355.113403320312,414.492309570312,295.57861328125,334.406982421875
Muntazah,2025-09-26 10:42:53.224+0000,f2744e4f-a40c-4d8a-8fac-3901a4b1df9c,0.640301,30.0075252_31.2759224_2025-09-26T10:42:53.224908.jpg,Potholes,31.2759224,30.0075252,2500,2703,394.402954101562,478.263000488281,428.219360351562,525.191711425781
Muntazah,2025-09-26 10:42:50.786+0000,775ef37a-32dd-407b-b3a0-ba4b34735adf,0.469826,30.0074419_31.2758612_2025-09-26T10:42:50.786289.jpg,Alligator Crack,31.2758612,30.0074419,2500,2703,380.483673095703,472.386444091797,0,63.212772369385
Muntazah,2025-09-26 10:40:48.845+0000,6e917e7c-3347-4a38-9521-a696606a9daa,0.418093,30.0078186_31.2745346_2025-09-26T10:40:48.845236.jpg,Longitudinal Crack,31.2745346,30.0078186,2500,40005,99.142486572266,257.301147460938,26.600204467773,133.454986572266
Muntazah,2025-09-26 10:40:31.260+0000,1ef79bfc-da35-4946-be30-f0f0d8236eaa,0.345877,30.0074731_31.2749176_2025-09-26T10:40:31.260634.jpg,Potholes,31.2749176,30.0074731,2500,39684,0,59.454307556152,368.470733642578,416.204864501953
Muntazah,2025-09-26 10:40:06.348+0000,2a67bcbe-86af-48f5-970d-608f478fff64,0.501351,30.0075286_31.2753187_2025-09-26T10:40:06.348807.jpg,Potholes,31.2753187,30.0075286,2500,39683,107.353897094727,190.970321655273,126.804962158203,152.231262207031
Muntazah,2025-09-26 10:39:38.772+0000,81f9acb8-5911-45d4-9577-5bd1f319b691,0.611381,30.008076_31.2757152_2025-09-26T10:39:38.772790.jpg,Potholes,31.2757152,30.008076,2500,39683,252.777160644531,405.25,264.067504882812,358.853393554688
Muntazah,2025-09-26 10:39:08.458+0000,e3a9cafd-199e-4de5-9f3d-02af9035266b,0.426104,30.0086035_31.2756374_2025-09-26T10:39:08.458359.jpg,Longitudinal Crack,31.2756374,30.0086035,2500,39682,117.191558837891,162.239593505859,89.486419677734,115.084747314453
Muntazah,2025-09-26 10:38:08.648+0000,2e7847ad-f738-4c7b-9b45-7619f4e879ea,0.363125,30.0094804_31.2765828_2025-09-26T10:38:08.648347.jpg,Potholes,31.2765828,30.0094804,2500,39999,0.1905975341797,68.716735839844,421.074035644531,463.252258300781
Muntazah,2025-09-26 10:27:43.608+0000,413b0737-208f-467f-b27a-3376ad3cb316,0.321336,30.0089512_31.2771553_2025-09-26T10:27:43.608568.jpg,Transverse Crack,31.2771553,30.0089512,100,2703,0,474.697937011719,373.226348876953,434.275787353516
